{"Top": [[2.224212349915789, 3.1184553905181973, 1.8681980991362466, 3.059557567412089, 2.183866071485616, 1.0252475666684862, 2.874275348883446, 1.7648906604480594, 1.5792553070807276, 0.16702921542259594, 3.1221952319909385, 1.5974639567665485, 2.5566725755158575, 2.832461035276438, 2.446534533055228, 3.0299065370885208], [0.37870903400613865, 0.010138527786639978, 0.08155337452935786, 0.02755064170095709, 0.07036612665391705, 0.15044805267041725, 0.04621035461761792, 0.015696757973878428, 0.029614385144215112, 0.10961589119085412, 0.017413563020181214, 0.01986552525519163, 0.08614103940345395, 0.03921729477246179, 0.023837162240644173, 0.017616623970923687], 20], "Bottom": [[1.417291946491137, 2.9891862377030542, 1.5725902638435434, 3.027878395019276, 2.037163006952975, 2.012519316546077, 1.365184948007222, 2.726844590445768, 1.4398189210139087, 2.4624279865512713, 1.2214599000645496, 2.420888865650214, 2.832388560137744, 1.37846448172999, 2.6238277871924716, 1.5528424000147762], [0.048095371635520336, 0.0157659797540451, 0.016136050595596658, 0.030898146544855964, 0.02262414271345805, 0.11101556119571479, 0.036159285949240644, 0.0808762845555751, 0.013101087208897943, 0.10061188726932098, 0.058685549336223906, 0.062119279519288556, 0.014335579508660204, 0.05346590521245308, 0.02327091203095208, 0.05514250410093342], 5], "ImportantAngles": [13, 15]}