{"Top": [[0.4889233864781893, 2.9187312022770366, 2.8512352952828617, 2.8880213791545675, 1.9648075860065266, 0.6129440636047307, 3.101591625794348, 2.0156290656514333, 1.9836992723256286, 0.9368908381974361, 2.8885307368397752, 1.0023621114176513, 2.4351766769173646, 3.019071168200793, 2.5996170197263893, 2.9093203505434806], [0.35330541480824834, 0.0340020176014771, 0.1922531478059565, 0.0688558421992449, 0.08904301980038622, 0.08735692819163932, 0.02385013276190257, 0.08132883186681514, 0.08604981504141411, 0.06901774760383846, 0.04616322464007101, 0.03589156113374202, 0.06566744579670492, 0.006185293220749299, 0.14204530079230515, 0.06419913895787384], 8], "Bottom": [[0.4759434636168743, 2.923054931762357, 2.936006747350447, 2.8885868198396496, 1.894399222950846, 0.5795998120168148, 3.1208053340835997, 2.0429543797108725, 1.954364904846624, 0.9104598720967952, 2.915404034747836, 0.9830579069521099, 2.4426954597376955, 3.01998162932684, 2.6766853682585685, 2.9164823730516174], [0.07571368191730277, 0.008573054086889896, 0.0312800412247941, 0.0041806891930519586, 0.028786346642019976, 0.03426023567156465, 0.007734947338447528, 0.019398455095524434, 0.006009570302136235, 0.021453696909817476, 0.014028880566667195, 0.009139982047524194, 0.008804745626782648, 0.007964170566518, 0.016674293217539014, 0.004584704912219699], 2], "ImportantAngles": [12, 14]}