{"Top": [[58.162524691953024, 28.1556823408006, 109.91083236508051, 51.63718477995042, 109.85678508420035, 66.62069020355568, 134.56886070484592, 100.88926423500945, 147.359255904819, 83.08534276430464, 32.33233318520035, 105.76370555414755, 125.9474731627936, 63.83652596926143, 112.77354132171112, 62.88736440070437, 85.99771877583487, 108.55211567392965, 170.23738792604462, 166.57721680164892, 106.64475301487772, 168.08639794884382, 165.1938645922217, 66.97094544395816, 97.3255412872861, 157.96105033148893, 87.10953119293785, 158.7648261341928, 54.302601183108656, 103.63820048642707, 128.8158043490042], [3.339934389629707, 0.38580878674365543, 2.878061057440969, 4.948201198791506, 1.0006542213618443, 1.851678820210788, 2.324149431369955, 4.638394571515003, 2.5305345093200446, 2.145935352379431, 1.4853014422842135, 4.879590107660252, 0.7593939899364732, 4.595771902457814, 2.682142621221513, 1.1951358649437962, 1.5354205501980365, 0.7621255232284277, 2.8448458319470227, 2.8632954819780387, 4.781717196599692, 1.6156686842398347, 1.7393644518376778, 2.9735413510726834, 2.6283988847221984, 1.1810506786047277, 6.89172391939431, 0.9065163487492093, 0.7912985120556517, 3.5833616226405383, 0.30671540561694594], 18], "Bottom": [[58.162524691953024, 28.1556823408006, 109.91083236508051, 51.63718477995042, 109.85678508420035, 66.62069020355568, 134.56886070484592, 100.88926423500945, 147.359255904819, 83.08534276430464, 32.33233318520035, 105.76370555414755, 125.9474731627936, 63.83652596926143, 112.77354132171112, 62.88736440070437, 85.99771877583487, 108.55211567392965, 170.23738792604462, 166.57721680164892, 106.64475301487772, 168.08639794884382, 165.1938645922217, 66.97094544395816, 97.3255412872861, 157.96105033148893, 87.10953119293785, 158.7648261341928, 54.302601183108656, 103.63820048642707, 128.8158043490042], 1.0075822561583794, 17], "ImportantAngles": [6, 7, 8, 9]}