{"Top": [[21.219543604500064, 19.757346129732312, 42.18936924054346, 24.627460511367378, 45.29406124612627, 25.74664854852305, 61.280788697873675, 45.59257602752437, 61.275702847900334, 43.024800307649706, 15.04221119080912, 40.71474784354678, 53.77415821435938, 26.070472588717788, 44.40884005261596, 30.755340471546113, 39.56507112110701, 44.03768447215676, 73.65550851492189, 68.9910784935264, 42.73223318027738, 74.28197325085986, 69.54390155601787, 33.822351750313395, 43.826411480802385, 68.75753398976424, 42.75022562215925, 72.1280062278893, 41.884192128794254, 45.33821785696218, 38.6059361028812], [17.616804064887397, 16.955142492593133, 35.65441073128993, 24.569626904821522, 40.68620169821727, 24.556050179469413, 58.997279431788655, 33.99061363111692, 59.41004932742639, 30.897287990823713, 14.699544467557129, 37.60700822813264, 51.35640954766005, 24.55280263632472, 41.99709113971992, 29.937947881052867, 36.031264761539056, 40.7808120115648, 69.83066523958509, 63.65849260442867, 38.75118279605873, 68.90308440248107, 62.502957392971325, 30.10746753519642, 41.06808002933384, 64.36606506985981, 37.96807406215908, 66.9471334526528, 36.008845444431564, 42.09748381674711, 31.240526554527797], 30], "Bottom": [[21.219543604500064, 19.757346129732312, 42.18936924054346, 24.627460511367378, 45.29406124612627, 25.74664854852305, 61.280788697873675, 45.59257602752437, 61.275702847900334, 43.024800307649706, 15.04221119080912, 40.71474784354678, 53.77415821435938, 26.070472588717788, 44.40884005261596, 30.755340471546113, 39.56507112110701, 44.03768447215676, 73.65550851492189, 68.9910784935264, 42.73223318027738, 74.28197325085986, 69.54390155601787, 33.822351750313395, 43.826411480802385, 68.75753398976424, 42.75022562215925, 72.1280062278893, 41.884192128794254, 45.33821785696218, 38.6059361028812], [21.219543604500064, 19.757346129732312, 42.18936924054346, 24.627460511367378, 45.29406124612627, 25.74664854852305, 61.280788697873675, 45.59257602752437, 61.275702847900334, 43.024800307649706, 15.04221119080912, 40.71474784354678, 53.77415821435938, 26.070472588717788, 44.40884005261596, 30.755340471546113, 39.56507112110701, 44.03768447215676, 73.65550851492189, 68.9910784935264, 42.73223318027738, 74.28197325085986, 69.54390155601787, 33.822351750313395, 43.826411480802385, 68.75753398976424, 42.75022562215925, 72.1280062278893, 41.884192128794254, 45.33821785696218, 38.6059361028812], 25], "ImportantAngles": [6, 7, 8, 9]}