{"Top": [[2.534483183194477, 2.656161959472015, 2.1343449376431027, 3.0903179712122903, 2.3194314785733767, 1.5412711649629773, 2.330725874431042, 1.7715587534426551, 1.2583109058003568, 1.1649934403447506, 2.503813250662236, 1.9752393448008414, 2.9103175619845993, 2.228375737573767, 2.5042311063764737, 2.2182165479308753], [0.07828960274006815, 0.06475537634410687, 0.5378500375043537, 0.04431814576325301, 0.10662096712116188, 0.28129190463095066, 0.6864603490729904, 0.04557609262835097, 0.089038827026979, 0.5521580788500092, 0.5627885240957013, 0.5982920536842756, 0.06372031250911503, 0.6170623890569434, 0.09608636147190193, 0.5538062074236808], 20], "Bottom": [[2.63147620834093, 2.6441220274651367, 2.1402198861099224, 3.086829471479924, 2.2593088531503183, 1.4317511860583274, 2.5503865919231488, 1.7297662477032594, 1.2761331492619392, 0.6705951520832627, 2.6548758333898395, 1.7040189522478992, 2.842883066329898, 2.4706349749475733, 2.44892885065992, 2.3754653656843487], [0.09163537236642662, 0.0322374365625856, 0.49321433546047255, 0.024303096727354184, 0.1249655301822552, 0.1622322214072698, 0.3952203398976943, 0.06259778226413759, 0.047938328080014, 0.24520424952173026, 0.2605936132392912, 0.10946541239039301, 0.04943224534581554, 0.41277461130358567, 0.06467258430845081, 0.29823452055569655], 5], "ImportantAngles": [6, 7, 10, 11, 13, 15]}