{"Top": [[52.795009063436424, 29.91211683741464, 101.699017709875, 130.69589520702215, 99.27364822834988, 124.44633929930986, 152.41741719239408, 32.74280195691503, 147.76969427430464, 37.586407751518934, 39.593960414307105, 136.08234960776906, 135.32996462771874, 65.66696925769843, 146.8699368646122, 59.145239925613055, 94.15934718082724, 98.59425349940135, 92.4119765264114, 61.651911846618354, 107.9832355132312, 83.73405285783326, 56.41318443949143, 84.62864027332482, 125.8895594058491, 168.76452521586242, 121.13457067963718, 172.65576426178362, 85.82940511942427, 136.61973909161026, 92.75198714223464], [1.0496865724636177, 1.679437011119273, 0.6555379638998949, 6.750531427473043, 3.865951776321499, 6.0447020165813665, 1.0841416023760586, 3.8325531603789744, 4.952435896195775, 3.159322049465025, 1.2055779723224695, 3.0568158077243783, 3.598946628852616, 1.5977526328533485, 3.759250187663328, 2.6467850584093306, 2.435814203312148, 2.9869917107404493, 12.244083789591746, 13.925649881894799, 1.408216300521831, 18.432376131670427, 16.52655471631867, 1.1026488670723396, 11.339471585099345, 3.2132184320337127, 9.135478155087199, 0.7433330154050177, 2.5822351014347893, 0.8169696090691626, 3.8381532004184047], 20], "Bottom": [[48.402783923371764, 36.68019878647415, 94.8880895677641, 38.449581130637156, 97.69941900316006, 52.73835311148135, 142.18822711916508, 127.95974098149406, 150.21313621231602, 103.65878379214998, 44.50183140996763, 149.63172789651372, 157.467715208521, 38.61550281196749, 154.32353892265724, 46.657926807013595, 92.74414767817368, 101.15331112919387, 157.7099237640894, 139.56779811536202, 107.65367177352918, 151.95240267084262, 144.35121727253318, 81.59600050101488, 115.68552289804433, 160.85603192420547, 111.2244865300736, 169.70568867151164, 80.1568888291929, 167.56784616007016, 90.10716837167669], [2.8066409856600587, 4.346458311630491, 5.0134251432523484, 52.91921050428707, 2.4059328227912427, 42.64305438541956, 5.607614141516922, 54.56059347577535, 7.040433726697567, 38.420111739152944, 3.1003615754102123, 5.842956263568629, 10.61790841491288, 13.955401523170254, 3.1005088446933455, 7.633447663410739, 2.999019621476875, 2.612875852891043, 36.8709423177175, 44.462281643794974, 2.3600462054432265, 39.996254048022216, 51.612604671096015, 2.122234798861605, 9.891956785863272, 5.161897837684622, 10.88125857849502, 2.009621434123134, 2.8638064776570324, 17.585077633621857, 3.937054152514768], 5], "ImportantAngles": [16, 18, 19, 20, 26, 27]}