{"Top": [[1.8498335419318115, 2.9867586826888957, 1.8905182404569192, 2.9900834950284447, 2.1349477776033488, 2.136788896460278, 1.551105334323936, 1.9793788372110819, 1.4962393560800997, 2.4647433573266766, 1.4899254095100956, 1.7751743578850832, 2.727023261462848, 1.7079370160742438, 2.4290240550795636, 1.7209551961422496], [0.5790158735543145, 0.1029730648756275, 0.4608503005947212, 0.07736812288062081, 0.13467122706734694, 0.6377458913671131, 1.0689175018352677, 0.23227370368033004, 0.136006802912113, 0.7146135760896893, 1.1281347602334872, 0.20838850775135645, 0.2071785199226658, 0.8353280879454129, 0.06574755764031426, 0.954562770925805], 24], "Bottom": [[2.1234710741268876, 3.0758231692815157, 1.961879896151621, 2.9314646264926534, 2.1641916995582995, 1.8367471558437245, 2.47608082605068, 2.0765754663615765, 1.561171006250994, 2.8728487090451185, 2.3178217691600325, 1.6115490136046846, 2.605344453291199, 2.398638262279422, 2.485297916482129, 2.4813255800609784], [0.5105100106263915, 0.06794016518142555, 0.4865292325182333, 0.07066978630829417, 0.22896665113780454, 0.657149722769495, 0.9239881011872779, 0.5238726617516659, 0.11055162867686502, 0.1944981699075739, 0.9321403430553276, 0.17641957454356963, 0.1768457906068517, 0.7197265188382346, 0.07393705390136616, 0.821022133881278], 6], "ImportantAngles": [13, 15]}