{"Top": [[2.6126498860557263, 2.5980286008502014, 1.6925542231663464, 3.1004037951796692, 2.313280677595338, 1.7161552344142046, 1.3899650796029834, 1.860173437405807, 1.1315854848653535, 1.4699250839975333, 1.5444164995228444, 2.363672163800861, 2.9095757601716867, 1.3808846974574127, 2.4182122407205267, 1.3277006926853212], [0.059558962620764155, 0.05295981781516346, 0.37584962515574855, 0.03487985392593161, 0.07295423961114815, 0.26609242013933654, 0.7877574235446492, 0.12907147705054892, 0.11514915848821254, 0.5332440739752428, 0.7121947579966069, 0.35004998144417043, 0.05222089665528062, 0.6712210217357925, 0.055812315430177666, 0.6398414368888179], 24], "Bottom": [[2.4881002578056326, 2.69868405619585, 2.4270337398225985, 3.124664989901366, 2.22065933419762, 1.2360314883626005, 3.0396091050807073, 1.7189531314969706, 1.2387877462371044, 0.49644318772352547, 3.016647744537364, 1.6572078836276074, 2.8583225018202842, 2.8484715543493486, 2.505348903300089, 2.696592324142924], [0.03880264081218791, 0.02819267226813133, 0.2396673220258559, 0.011660670471418387, 0.09516041775860112, 0.05453335563666266, 0.07699861605051635, 0.021319198633475877, 0.05255173919940316, 0.07629923395846532, 0.09521541149575243, 0.04262439058507934, 0.019701806131803515, 0.023634102027128324, 0.03225563544914708, 0.045687462850522234], 6], "ImportantAngles": [13, 15], "ExcludeAngles": [4, 5, 8, 9]}