{"Top": [[51.11560172503382, 32.25233540454153, 100.16066677156077, 102.39431437906958, 99.33736696398287, 99.33372338453798, 148.1797673617961, 62.09966242308999, 146.6773286440787, 61.858211572127516, 40.70868799526758, 141.38486843824137, 143.11164840023102, 56.59068503903834, 150.45364283105857, 55.48974559666058, 94.02835691187576, 99.02378289225717, 109.55583289604971, 83.13819256818569, 107.92343049140723, 102.41660140315047, 81.69203593004623, 84.36234356108378, 124.5948231496875, 166.68758492892738, 119.54950630110464, 171.67759588153805, 84.09973875871553, 145.92890342023344, 90.92110386875146], [3.931046452652829, 4.960337193172478, 2.9988451996153263, 53.10919336344536, 3.785117534664908, 46.22027590411698, 8.166190142825226, 53.98638692373938, 5.408489996846302, 44.15545851618669, 2.9039327102850683, 9.592653285805529, 13.602311081799684, 16.580863901284008, 6.480562316218832, 8.276193605857083, 3.263891161390269, 3.7746529103513664, 38.51734134270054, 46.32115436236509, 1.8226310442211782, 44.80352069451297, 54.33336463674087, 1.7566119057360001, 10.537653972208393, 5.559833415463887, 8.697473765178444, 2.028545472573096, 4.480459772425606, 17.32675713719569, 4.007977415934897], 24], "Bottom": [[46.80960638752892, 39.14824712003189, 93.6990366131586, 14.811094629130018, 97.29054408079816, 30.30266615950785, 139.08621175698192, 151.71444149540926, 149.85208989452187, 125.38903337839176, 45.7381415859944, 154.3577941637741, 163.55271402633267, 30.71559543355519, 157.12797962054916, 42.54463575974981, 91.74324459684081, 102.3749591773923, 172.93951013973745, 158.67718738572455, 107.64639317372666, 170.4076044301073, 168.1976855755099, 81.38189240636757, 112.58616053310136, 158.47724657585667, 107.84273291957024, 168.85142421295342, 78.60183501873294, 175.050849207478, 89.12158647653452], [1.1384970042466613, 0.9618993962784149, 2.901706868052609, 5.303655170350819, 2.201713448433924, 6.758113448688442, 3.866739752710618, 8.816182761740546, 7.670458805930435, 9.577358093728378, 1.9783573853342489, 3.6213553762382173, 3.0198570424290776, 3.546862513731669, 3.438354254747385, 5.0082893046949, 3.99560654190197, 3.4651037139022605, 2.4044654093221713, 2.1059614237967157, 2.537882868853976, 3.019842184472229, 5.039684103014915, 2.1148436093389975, 4.40109841993022, 1.8135171975654476, 5.653085064442168, 1.557573970100709, 1.6733869933222332, 1.8233875644235262, 3.6232723556179125], 6], "ImportantAngles": [16, 18, 19, 20]}