{"Top": [[1.2161654452732915, 3.064971634631716, 1.5223602279023962, 3.005409640605216, 1.8073127234050652, 1.0394695915431642, 2.450734041900155, 1.7363897068825842, 1.4812871221619854, 1.4331153090669981, 2.720655117073613, 1.5139897471048893, 2.67946233524516, 2.0962375054529225, 2.5890779284100947, 2.64783116164861], [0.1639144388640433, 0.029723415850756406, 0.2041316468622468, 0.039384135904142324, 0.09495708681071703, 0.2611926132150541, 0.24842027505339592, 0.055162350035680895, 0.01836446926744768, 0.6487236695824267, 0.1388228710611996, 0.09141729952014718, 0.05951219805218161, 0.24705684765293792, 0.07515290798605628, 0.1892973072378116], 24], "Bottom": [[1.6555904084495396, 3.1106059147891485, 3.0261233920264092, 3.0622091241209475, 1.7239180073959872, 0.4240763135225225, 3.0684493116816443, 1.831406810110218, 1.4910952579287204, 0.3548215255405146, 2.693768610058165, 1.6148836208695032, 2.7027289800163317, 2.571782639404002, 2.5418952262958348, 2.780379159788628], [0.2541866753884826, 0.010218922507631739, 0.07178579738418192, 0.031501816122704834, 0.25198782664849717, 0.5753637131437493, 0.04829952473572944, 0.028308123161666362, 0.025199161491615184, 0.33214920319706814, 0.008850323020358989, 0.03505077991285527, 0.1901065636220838, 0.0704733909550737, 0.05122029946664976, 0.07999500726721458], 6], "ImportantAngles": [13, 15]}