{"Top": [[1.898235883478794, 3.0621976266191733, 1.8885778750202824, 2.928556646378891, 1.8197019666431533, 1.83797005764143, 2.300612868290408, 2.353646481646804, 1.6868239097419964, 2.315403077544784, 2.1688690209401247, 1.0182033066704104, 2.719122581137766, 2.2629948503545765, 2.7633539382544754, 2.2662513754789133], [0.5504202867181411, 0.04847057459076225, 0.2884026120656962, 0.05743957353456376, 0.07883934997149926, 0.8873525642590698, 0.7361133989829027, 0.6146235865900264, 0.04462295431499168, 1.0612113667527359, 0.6892467166447448, 0.3824043652091539, 0.04196338959307188, 0.7804897233161578, 0.04968260717505185, 0.6788278081377076], 20], "Bottom": [[1.693697497578448, 3.0729526918817505, 1.8240928751676706, 2.934874727356838, 1.8263785630499512, 1.8031425748428402, 2.3956837116143546, 2.205865338804921, 1.717510761402989, 1.695125038905398, 2.248427790775664, 1.1447425563091427, 2.695344660250967, 2.484204241336721, 2.739768902541387, 2.3476816546426065], [0.5271048728478978, 0.060553784799246425, 0.4455853412904246, 0.1053644923131348, 0.07357747050958036, 0.9308540923382934, 0.7478247724583702, 0.6274887772274027, 0.034271634680849136, 1.0897778037791783, 0.8013398119427508, 0.3806795653393349, 0.05227735633624923, 0.7176321463730916, 0.0483876965363882, 0.7900689262311421], 5], "ImportantAngles": [13, 15]}