{"Top": [[0.6144617689182396, 0.6116771883642992, 0.5053453978561764, 0.5929944828677731, 0.3827678905025785, 0.4834437396228549, 0.656886840879661, 0.35399661757244405, 0.35079347606279976, 0.7125669424954993, 0.5811119917188319, 0.3181278700379416, 0.5432725088490211, 0.707827742709471, 0.5473113192924021, 0.6220140412292555], [0.6407030768358806, 0.8059162739035494, 0.5648718570404866, 0.7770114515691599, 0.450998505785845, 0.37803562620905995, 0.7898756618111143, 0.4669045520918913, 0.42848427197689143, 0.6902800145793798, 0.7262664102124357, 0.365842071473041, 0.7035484402432847, 0.7699846626329574, 0.7167986591198103, 0.7496919098587808], 28], "Bottom": [[0.6144617689182396, 0.6116771883642992, 0.5053453978561764, 0.5929944828677731, 0.3827678905025785, 0.4834437396228549, 0.656886840879661, 0.35399661757244405, 0.35079347606279976, 0.7125669424954993, 0.5811119917188319, 0.3181278700379416, 0.5432725088490211, 0.707827742709471, 0.5473113192924021, 0.6220140412292555], [0.6144617689182396, 0.6116771883642992, 0.5053453978561764, 0.5929944828677731, 0.3827678905025785, 0.4834437396228549, 0.656886840879661, 0.35399661757244405, 0.35079347606279976, 0.7125669424954993, 0.5811119917188319, 0.3181278700379416, 0.5432725088490211, 0.707827742709471, 0.5473113192924021, 0.6220140412292555], 26], "ImportantAngles": [13, 15]}