{"Top": [[2.613521642813638, 2.6048708514449626, 1.6658350814419143, 3.104871046074774, 2.294515088299014, 1.7577989932723026, 1.224345772376842, 1.8525425922679482, 1.0964438808689123, 1.5759797162392373, 1.3923449601327413, 2.3900885621468606, 2.9077435164719323, 1.241815025093182, 2.4146986869848814, 1.1934273542893388], [0.06551729656569345, 0.050419906089732014, 0.3760755022207224, 0.029626285168430366, 0.06319929361860725, 0.20925037274781547, 0.6282613808746998, 0.12137387910841858, 0.04266432982131011, 0.36657973772598745, 0.5592735607323644, 0.2769119787322948, 0.05668108849646797, 0.5614427818452337, 0.035761963658233135, 0.5174467437302979], 20], "Bottom": [[2.4977241891336894, 2.6998131409043546, 2.4934915284255967, 3.125259215686929, 2.1898672259328045, 1.2291112342783714, 3.0210466573033363, 1.7224138503006519, 1.2367425846880684, 0.5024046105764338, 2.9935960484806654, 1.662325172924408, 2.855951661000868, 2.845680639055492, 2.4933429326602274, 2.683918898411213], [0.034458754489185485, 0.031368331481455604, 0.19666150885163242, 0.012935059438288278, 0.06487084784052306, 0.05794984229328192, 0.06947481619955131, 0.021870321858190597, 0.05848706244025425, 0.08372829366514614, 0.08571530230772009, 0.04554830916546877, 0.021048629637968996, 0.025294157664464082, 0.014814099373441301, 0.03747749229628778], 5], "ImportantAngles": [6, 7, 10, 11, 13, 15], "ExcludeAngles": [4, 5, 8, 9, 12, 14]}