{"Top": [[0.7356772438089615, 1.3161599508338677, 0.8366814777351848, 1.2966979086675796, 0.9247976099061056, 1.025402562544471, 1.223986428471966, 1.0140106533352753, 0.6023899534125545, 1.2523869042971292, 1.1975672438167124, 0.9007013593407854, 1.1385114760268056, 1.0948869379485922, 1.0748075165308477, 1.1804893582217058], [0.6159043048522719, 1.2192601837643755, 0.6197880876145652, 1.1834893570929552, 0.7877447104365959, 0.8935716063522158, 0.8426330980332791, 0.9200238361483849, 0.5366488050119445, 1.1201011856797778, 0.820783056491342, 0.8977626951920958, 1.1165428796235375, 0.7850547995662179, 1.0133308993486125, 0.8054163168656469], 30], "Bottom": [[0.7356772438089615, 1.3161599508338677, 0.8366814777351848, 1.2966979086675796, 0.9247976099061056, 1.025402562544471, 1.223986428471966, 1.0140106533352753, 0.6023899534125545, 1.2523869042971292, 1.1975672438167124, 0.9007013593407854, 1.1385114760268056, 1.0948869379485922, 1.0748075165308477, 1.1804893582217058], [0.7356772438089615, 1.3161599508338677, 0.8366814777351848, 1.2966979086675796, 0.9247976099061056, 1.025402562544471, 1.223986428471966, 1.0140106533352753, 0.6023899534125545, 1.2523869042971292, 1.1975672438167124, 0.9007013593407854, 1.1385114760268056, 1.0948869379485922, 1.0748075165308477, 1.1804893582217058], 25], "ImportantAngles": [13, 15]}