{"Top": [[1.2942867221233798, 3.0678050034103292, 1.6208685370266567, 3.0150443643674887, 1.8687274779211918, 1.1740963635616963, 2.339408100756749, 1.8136618978839518, 1.4674736797217398, 1.3235840960781875, 2.4492905503835973, 1.6318166879750002, 2.6983804132169773, 1.9821194146839962, 2.571752717101115, 2.4142767987667493], [0.22710766849738492, 0.043274322496399176, 0.24710799483620527, 0.044869310060418825, 0.10438157861716778, 0.3975857592614006, 0.6584551110782865, 0.17668937150131753, 0.03669488291387847, 0.8685644148098353, 0.6896673276893115, 0.213288588790541, 0.06516918922694238, 0.567554402078803, 0.07161845613868635, 0.6543456238198184], 24], "Bottom": [[1.5333361021808503, 3.110554987130509, 2.4068489204549297, 3.017851232219448, 1.8270818728145346, 0.7709431463968821, 2.921152754890705, 1.823948131909937, 1.4770074844876584, 0.5234873487945435, 2.692684190287432, 1.5553194360810174, 2.673127325608089, 2.4704093923356276, 2.5524208790021055, 2.7225762400296536], [0.36603033797536716, 0.01681631674212699, 0.7110846256619358, 0.07641939484473376, 0.2150974194923699, 0.6231142099136343, 0.2853294187818773, 0.08650228536689228, 0.046273797278343326, 0.6148653352494715, 0.21136279346649217, 0.08565829468218168, 0.1388181222708225, 0.24365239984148251, 0.05312347377357317, 0.23285631483435362], 6], "ImportantAngles": [13, 15]}