{"Top": [[1.7642474595787094, 3.0833081716967534, 1.9875934774876605, 2.947434254759258, 2.0153950829424727, 1.7679240338840119, 2.369139385997414, 2.2111615939864424, 1.4695658022545641, 1.9379406514253759, 2.2559824890812084, 1.3329611790129774, 2.0398498030234853, 2.529221545550225, 1.5720300585419409, 2.360617017600461], [0.5939503583546731, 0.053678214639760975, 0.36143226765706726, 0.05973741131079843, 0.39545267591736416, 1.0527160338724013, 0.8599371346925414, 0.4759644027261066, 0.0212111936559868, 1.0849995316031782, 0.8333805755301439, 0.1378639957680063, 0.43236728425669013, 0.7654453486494621, 0.04505175837007642, 0.8085707016589139], 16], "Bottom": [[1.77690440965684, 3.102605173145129, 2.0034362713597296, 2.914389091083215, 2.1295584865890578, 1.7950558135003893, 2.089353452366998, 2.318608371495718, 1.4482671379062084, 1.837494462461005, 1.990598815069098, 1.2977331138219612, 2.4679677722838793, 2.2412260401808943, 1.6461221047604702, 2.129465893737098], [0.6411001774681926, 0.04292361322565328, 0.7174540733425063, 0.04819335771549318, 0.2779991770869834, 1.2156754516297081, 0.7190567342853252, 0.3974084019129346, 0.05243625619492689, 1.236333725014933, 0.7098776827498646, 0.14449349373793008, 0.186180116783573, 0.6822853264804281, 0.11697714917321715, 0.685003188042176], 4], "ImportantAngles": [12, 14]}